Title,IMDB_rating,link
Sicario (2015),7.6,https://spaceshut.website/pqhtb8/Sicario-(2015)-hd-download-page.php
 Everest (2015) ,7.1,https://spaceshut.website/l1vz4p/Everest-(2015)720pfullmovie.php
 Lucy (2014) ,6.4,https://spaceshut.website/l1vz4p/Lucy-(2014)720pfullmovie.php
  Gravity (2013) ,7.7,https://spaceshut.website/l1vz4p/Gravity_(2013)fullmovie.php
  Shutter Island (2010)  ,8.1,https://spaceshut.website/l1vz4p/Shutter-Island-(2010)720pfullmovie.php
   Unknown (2011) ,6.8,http://sd-127422.dedibox.fr/hollywoodmovies/Unknown-(2011)(Mp4movieshut).mp4
 Next (2007) ,6.6,https://spaceshut.website/l1vz4p/Next720pfullmovie.php
 Oblivion (2013) ,7.0,https://spaceshut.website/l1vz4p/Oblivion-(2013)720pfullmovie.php
 Cloverfield (2008)  ,7.0,https://spaceshut.website/l1vz4p/Cloverfield-(2008)fullmovie.php
 The Walk (2015) ,6.9,http://sd-127422.dedibox.fr/hollywoodmovies/The-Walk-(2015)(Downloaded-From-Mp4movieshut).mp4
 Gangs of New York (2002)  ,7.5,http://sd-127422.dedibox.fr/hollywoodmovies/Gangs-of-New-York-(2002)(Mp4MoviesHut.Net).mp4
  The Machinist (2004) ,7.7,http://sd-127422.dedibox.fr/hollywoodmovies/The-Machinist-(2004)-(Mp4movieshut).mp4
Eagle Eye (2008)  ,6.6,https://spaceshut.website/l1vz4p/Eagle-Eye-(2008)720pfullmovie.php
Oldboy (2013),5.7,https://spaceshut.website/l1vz4p/Oldboy-(2013)fullmovie.php
 Project Almanac (2015) ,6.4,http://sd-127422.dedibox.fr/hollywoodmovies/Project-Almanac-(2015)(Downloaded-From-Mp4movieshut).mp4
 The Departed (2006) ,8.5,https://spaceshut.website/l1vz4p/thedeparted720pfullmovie.php
Zero Dark Thirty (2012),7.4,https://spaceshut.website/l1vz4p/Zero-Dark-Thirty-(2012)fullmovie.php
Vertigo (1958)  ,8.3,https://spaceshut.website/l1vz4p/Vertigo-1958fullmovie.php
Moon (2009),4.7,http://sd-127422.dedibox.fr/hollywoodold/Moon-(2009)(Mp4MoviesHut).mp4
The Girl with...(2011),7.8,https://spaceshut.website/l1vz4p/The-Girl-with-the-Dragon-Tattoo-(2011)fullmovie.php
The Sixth Sense (1999)  ,8.1,https://spaceshut.website/l1vz4p/6thsensfumo.php
The Da Vinci Code (2006)   ,6.6,http://sd-127422.dedibox.fr/hollywoodmovies/The-Da-Vinci-Code-(2006)(Mp4movieshut).mp4
 Basic Instinct (1992) ,7.0,https://spaceshut.website/l1vz4p/Basic-Instinct-(1992)720pfullmovie.php
Cloud Atlas (2012) ,7.4,https://spaceshut.website/l1vz4p/Cloud-Atlas-(2012)720pfullmovie.php
Prisoners (2013),8.1,https://spaceshut.website/l1vz4p/Prisoners-(2013)720pfullmovie.php
 The Martian (2015) ,8.0,http://sd-127422.dedibox.fr/hollywoodmovies/The-Martian-(2015)-(Mp4movieshut).mp4
Twelve Monkeys (1995),8.0,https://spaceshut.website/l1vz4p/Twelve-Monkeys-(1995)720pfullmovie.php
Bridge of Spies (2015),7.6,https://spaceshut.website/l1vz4p/Bridge-of-Spies-(2015)720pfullmovie.php
